,P@1_L1,RS@1_L1,P@2_L1,RS@2_L1,P@3_L1,N@3_L1,$\mu$P_L1,$\mu$R_L1,$\mu$F1_L1,MaP_L1,MaR_L1,MaF1_L1,P@1_L2,RS@1_L2,P@2_L2,RS@2_L2,P@3_L2,N@3_L2,$\mu$P_L2,$\mu$R_L2,$\mu$F1_L2,MaP_L2,MaR_L2,MaF1_L2
fastxml,0.7633,0.4944,0.6586,0.1417,0.6503,0.6855,0.8357,0.4298,0.5676,0.791,0.2924,0.4269,0.6757,0.3172,0.7365,0.1898,0.7535,0.8,0.8442,0.4273,0.5673,0.5861,0.2081,0.3071
parabel,0.8,0.5128,0.6695,0.1372,0.6544,0.6965,0.8304,0.3818,0.5231,0.7752,0.3043,0.437,0.7391,0.4353,0.7587,0.2243,0.7609,0.8089,0.8542,0.4204,0.5634,0.7685,0.3,0.4315
cascadexml,0.9585,0.8956,0.8375,0.2714,0.8148,0.8514,0.8682,0.7493,0.8044,0.854,0.6775,0.7556,0.9041,0.6824,0.888,0.314,0.8875,0.914,0.9065,0.8513,0.878,0.8396,0.7351,0.7838
lightxml,0.9562,0.8851,0.832,0.2599,0.8076,0.8457,0.8761,0.7345,0.799,0.8631,0.6544,0.7443,0.9073,0.7021,0.8932,0.3337,0.8753,0.907,0.9152,0.8516,0.8822,0.8556,0.7398,0.7934
match,0.9538,0.8867,0.829,0.2727,0.8057,0.8431,0.8533,0.748,0.7971,0.8289,0.6797,0.7469,0.901,0.7237,0.8895,0.3463,0.8811,0.9094,0.8902,0.8599,0.8748,0.8351,0.7711,0.8017
xmlcnn,0.9261,0.8294,0.7975,0.2438,0.7755,0.8147,0.8781,0.6542,0.7498,0.8368,0.5378,0.6548,0.8566,0.6497,0.8594,0.3262,0.86,0.8935,0.9111,0.7086,0.7972,0.8061,0.5117,0.626
hector,0.9579,0.9254,0.87,0.3052,0.8574,0.8844,0.9781,0.4112,0.579,0.9595,0.4332,0.5968,0.7913,0.598,0.7534,0.238,0.7109,0.7382,0.8624,0.586,0.6978,0.831,0.6356,0.7202
dexa,0.916,0.7041,0.8084,0.1706,0.7733,0.8083,0.1022,0.956,0.1846,0.0902,0.9362,0.1645,0.8383,0.2045,0.7982,0.0657,0.7828,0.8341,0.0473,0.9506,0.0901,0.0408,0.9498,0.0782
ngame,0.9188,0.6762,0.8079,0.164,0.7733,0.8104,0.1002,0.9539,0.1814,0.0897,0.9357,0.1637,0.8333,0.1865,0.796,0.0668,0.7978,0.8455,0.0498,0.9467,0.0947,0.0429,0.9523,0.0821
