,P@1_NoFT,RS@1_NoFT,P@2_NoFT,RS@2_NoFT,$\mu$P_NoFT,$\mu$R_NoFT,$\mu$F1_NoFT,MaP_NoFT,MaR_NoFT,MaF1_NoFT,P@1_FT,RS@1_FT,P@2_FT,RS@2_FT,$\mu$P_FT,$\mu$R_FT,$\mu$F1_FT,MaP_FT,MaR_FT,MaF1_FT
cascadexml,0.1521,0.3808,0.5956,0.357,0.0,0.0,0.0,0.0,0.0,0.0,0.9589,0.9566,0.9342,0.4704,0.9601,0.9546,0.9573,0.5334,0.4275,0.4684
attentionxml,0.2784,0.4868,0.6728,0.378,0.0,0.0,0.0,0.0,0.0,0.0,0.9441,0.9427,0.9203,0.4655,0.9362,0.9418,0.9389,0.4684,0.3786,0.4171
lightxml,0.3302,0.531,0.6142,0.3639,0.0,0.0,0.0,0.0,0.0,0.0,0.9465,0.9449,0.9203,0.4655,0.9474,0.9435,0.9455,0.4188,0.3525,0.376
match,0.3748,0.5274,0.6622,0.3793,0.0,0.0,0.0,0.0,0.0,0.0,0.9878,0.9865,0.8635,0.4433,0.986,0.9854,0.9857,0.7738,0.6748,0.7176
xmlcnn,0.3481,0.5138,0.6438,0.372,0.0,0.0,0.0,0.0,0.0,0.0,0.9441,0.9427,0.9203,0.4655,0.9442,0.941,0.9426,0.3147,0.3331,0.3237
hector,0.0053,0.3406,0.544,0.3439,0.0,0.0,0.0,0.0,0.0,0.0,0.9951,0.9936,0.9201,0.466,0.9954,0.9925,0.994,0.8663,0.848,0.8568
dexa,0.2935,0.4436,0.625,0.3636,0.0807,0.3381,0.1303,0.0772,0.5781,0.1362,0.8908,0.8648,1.0,0.5,0.1315,0.9395,0.2307,0.0771,0.8351,0.1411
ngame,0.3035,0.4438,0.6667,0.375,0.0794,0.345,0.1291,0.065,0.5113,0.1153,0.9193,0.8926,0.9167,0.4615,0.1252,0.9591,0.2215,0.068,0.8392,0.1259
tamlec,0.2856,1.9234,1.0,2.0,0.1479,0.0299,0.0498,0.2987,0.0384,0.0681,0.9829,1.0224,1.0,2.0,0.9829,0.9805,0.9817,0.6503,0.5949,0.6214
