,P@1_NoFT,RS@1_NoFT,P@2_NoFT,RS@2_NoFT,P@3_NoFT,N@3_NoFT,$\mu$P_NoFT,$\mu$R_NoFT,$\mu$F1_NoFT,MaP_NoFT,MaR_NoFT,MaF1_NoFT,P@1_FT,RS@1_FT,P@2_FT,RS@2_FT,P@3_FT,N@3_FT,$\mu$P_FT,$\mu$R_FT,$\mu$F1_FT,MaP_FT,MaR_FT,MaF1_FT
cascadexml,0.7777,0.0913,0.7791,0.0507,0.7833,0.8295,0.8684,0.7063,0.7786,0.7063,0.6167,0.6581,0.2153,0.361,0.5556,0.1922,0.6661,0.6118,0.36,0.453,0.4011,0.5922,0.2483,0.3493
attentionxml,0.7321,0.0597,0.7523,0.0341,0.772,0.816,0.8394,0.6254,0.7126,0.659,0.5189,0.5776,0.2335,0.3624,0.5637,0.1923,0.6698,0.6369,0.367,0.4942,0.4207,0.6462,0.312,0.4176
lightxml,0.7561,0.0669,0.752,0.0382,0.7443,0.7912,0.8771,0.6642,0.7555,0.6168,0.5219,0.5653,0.1929,0.4121,0.5666,0.2275,0.6729,0.6137,0.3655,0.465,0.4092,0.5934,0.2553,0.3565
match,0.7605,0.1059,0.7669,0.0621,0.7732,0.8152,0.8199,0.7071,0.7593,0.7167,0.6597,0.6869,0.196,0.4358,0.5774,0.2542,0.7019,0.6367,0.4064,0.5581,0.4703,0.7536,0.3887,0.5125
xmlcnn,0.6854,0.0638,0.7193,0.0369,0.7347,0.7819,0.8768,0.4992,0.636,0.5684,0.3159,0.406,0.1659,0.3639,0.5317,0.2265,0.6496,0.5951,0.2783,0.3096,0.2931,0.5009,0.1124,0.1835
hector,0.7115,0.1081,0.6854,0.0593,0.6563,0.694,0.8091,0.5425,0.6495,0.7638,0.6493,0.7019,0.1344,0.1006,0.2975,0.0338,0.3555,0.3481,0.1348,0.1243,0.1294,0.0053,0.0202,0.0082
dexa,0.871,0.4066,0.8313,0.11,0.7402,0.7702,0.0601,0.9187,0.1129,0.0508,0.9538,0.0964,0.8639,0.4581,0.8077,0.1101,0.7244,0.7547,0.0776,0.8553,0.1422,0.0684,0.8684,0.1267
ngame,0.8715,0.4247,0.832,0.1113,0.7384,0.7684,0.06,0.918,0.1126,0.0508,0.9503,0.0965,0.8297,0.35,0.7705,0.0814,0.6901,0.7201,0.0832,0.8185,0.151,0.0744,0.8494,0.1369
tamlec,0.9597,1.0449,0.9431,2.1179,0.9969,0.9973,0.963,0.9386,0.9498,0.9525,0.9093,0.9278,0.9597,1.0449,0.9431,2.1179,0.9969,0.9973,0.963,0.9386,0.9491,0.9518,0.908,0.9268
